Explicit Track,Spotify Popularity
0,16.76179636371277
1,13.335060475805152
