Explicit Track,Spotify Popularity
0,63.2114406779661
1,65.12180889861415
